{
    "totalDays": 272,
    "trips": [
        {
            "startDate": "2025-12-20",
            "endDate": "2026-01-10",
            "days": 22,
            "countries": [
                {
                    "name": "フィリピン",
                    "nameEn": "Philippines",
                    "cities": [
                        {
                            "name": "ビガン",
                            "nameEn": "Vigan"
                        },
                        {
                            "name": "サン・フアン, ラ・ウニオン",
                            "nameEn": "San Juan, La Union"
                        },
                        {
                            "name": "バギオ",
                            "nameEn": "Baguio"
                        },
                        {
                            "name": "マニラ",
                            "nameEn": "Manila"
                        },
                        {
                            "name": "セブ",
                            "nameEn": "Cebu"
                        }
                    ]
                }
            ]
        },
        {
            "startDate": "2024-08-23",
            "endDate": "2024-08-30",
            "days": 8,
            "countries": [
                {
                    "name": "韓国",
                    "nameEn": "South Korea",
                    "cities": [
                        {
                            "name": "ソウル（首爾）",
                            "nameEn": "Seoul"
                        },
                        {
                            "name": "スウォン（水原）",
                            "nameEn": "Suwon"
                        },
                        {
                            "name": "チュンチョン（春川）",
                            "nameEn": "Chuncheon"
                        }
                    ]
                }
            ]
        },
        {
            "startDate": "2019-11-02",
            "endDate": "2019-11-08",
            "days": 7,
            "countries": [
                {
                    "name": "香港",
                    "nameEn": "Hong Kong",
                    "cities": [
                        {
                            "name": "香港",
                            "nameEn": "Hong Kong"
                        }
                    ]
                }
            ]
        },
        {
            "startDate": "2019-03-15",
            "endDate": "2019-03-28",
            "days": 14,
            "countries": [
                {
                    "name": "ベトナム",
                    "nameEn": "Vietnam",
                    "cities": [
                        {
                            "name": "ホーチミン",
                            "nameEn": "Ho Chi Minh City"
                        }
                    ]
                }
            ]
        },
        {
            "startDate": "2018-10-19",
            "endDate": "2018-10-23",
            "days": 5,
            "countries": [
                {
                    "name": "中国",
                    "nameEn": "China",
                    "cities": [
                        {
                            "name": "北京",
                            "nameEn": "Beijing"
                        }
                    ]
                }
            ]
        },
        {
            "startDate": "2017-12-30",
            "endDate": "2018-01-02",
            "days": 4,
            "countries": [
                {
                    "name": "台湾",
                    "nameEn": "Taiwan",
                    "cities": [
                        {
                            "name": "高雄",
                            "nameEn": "Kaohsiung"
                        },
                        {
                            "name": "台南",
                            "nameEn": "Tainan"
                        },
                        {
                            "name": "台北",
                            "nameEn": "Taipei"
                        }
                    ]
                }
            ]
        },
        {
            "startDate": "2017-11-26",
            "endDate": "2017-12-04",
            "days": 9,
            "countries": [
                {
                    "name": "台湾",
                    "nameEn": "Taiwan",
                    "cities": [
                        {
                            "name": "台北",
                            "nameEn": "Taipei"
                        },
                        {
                            "name": "彰化",
                            "nameEn": "Changhua"
                        },
                        {
                            "name": "鹿港",
                            "nameEn": "Lukang"
                        },
                        {
                            "name": "台中",
                            "nameEn": "Taichung"
                        }
                    ]
                }
            ]
        },
        {
            "startDate": "2017-02-16",
            "endDate": "2017-04-04",
            "days": 48,
            "countries": [
                {
                    "name": "マレーシア",
                    "nameEn": "Malaysia",
                    "cities": [
                        {
                            "name": "クアラルンプール",
                            "nameEn": "Kuala Lumpur"
                        }
                    ]
                },
                {
                    "name": "タイ",
                    "nameEn": "Thailand",
                    "cities": [
                        {
                            "name": "バンコク",
                            "nameEn": "Bangkok"
                        },
                        {
                            "name": "ナコーンラーチャシーマー",
                            "nameEn": "Nakhon Ratchasima"
                        },
                        {
                            "name": "ウボンラーチャターニー",
                            "nameEn": "Ubon Ratchathani"
                        }
                    ]
                },
                {
                    "name": "ラオス",
                    "nameEn": "Laos",
                    "cities": [
                        {
                            "name": "パークセー",
                            "nameEn": "Pakse"
                        },
                        {
                            "name": "シーパンドン",
                            "nameEn": "Si Phan Don"
                        },
                        {
                            "name": "ヴィエンチャン",
                            "nameEn": "Vientiane"
                        },
                        {
                            "name": "ヴァンヴィエン",
                            "nameEn": "Vang Vieng"
                        },
                        {
                            "name": "ルアンパバーン",
                            "nameEn": "Luang Prabang"
                        }
                    ]
                },
                {
                    "name": "ベトナム",
                    "nameEn": "Vietnam",
                    "cities": [
                        {
                            "name": "ハノイ",
                            "nameEn": "Hanoi"
                        },
                        {
                            "name": "フエ",
                            "nameEn": "Hue"
                        },
                        {
                            "name": "ホイアン",
                            "nameEn": "Hoi An"
                        },
                        {
                            "name": "ニャチャン",
                            "nameEn": "Nha Trang"
                        },
                        {
                            "name": "ホーチミン",
                            "nameEn": "Ho Chi Minh City"
                        }
                    ]
                },
                {
                    "name": "台湾",
                    "nameEn": "Taiwan",
                    "cities": [
                        {
                            "name": "台北",
                            "nameEn": "Taipei"
                        },
                        {
                            "name": "花蓮",
                            "nameEn": "Hualien"
                        }
                    ]
                }
            ]
        },
        {
            "startDate": "2016-07-17",
            "endDate": "2016-07-31",
            "days": 15,
            "countries": [
                {
                    "name": "中国",
                    "nameEn": "China",
                    "cities": [
                        {
                            "name": "上海",
                            "nameEn": "Shanghai"
                        },
                        {
                            "name": "北京",
                            "nameEn": "Beijing"
                        },
                        {
                            "name": "エレンホト",
                            "nameEn": "Erenhot"
                        }
                    ]
                },
                {
                    "name": "モンゴル",
                    "nameEn": "Mongolia",
                    "cities": [
                        {
                            "name": "ザミンウード",
                            "nameEn": "Zamyn-Üüd"
                        },
                        {
                            "name": "ウランバートル",
                            "nameEn": "Ulaanbaatar"
                        }
                    ]
                },
                {
                    "name": "ロシア",
                    "nameEn": "Russia",
                    "cities": [
                        {
                            "name": "イルクーツク",
                            "nameEn": "Irkutsk"
                        },
                        {
                            "name": "リストヴャンカ",
                            "nameEn": "Listvyanka"
                        },
                        {
                            "name": "ウラジオストク",
                            "nameEn": "Vladivostok"
                        }
                    ]
                }
            ]
        },
        {
            "startDate": "2016-02-18",
            "endDate": "2016-03-01",
            "days": 13,
            "countries": [
                {
                    "name": "台湾",
                    "nameEn": "Taiwan",
                    "cities": [
                        {
                            "name": "台北",
                            "nameEn": "Taipei"
                        },
                        {
                            "name": "花蓮",
                            "nameEn": "Hualien"
                        },
                        {
                            "name": "台東",
                            "nameEn": "Taitung"
                        },
                        {
                            "name": "台南",
                            "nameEn": "Tainan"
                        },
                        {
                            "name": "墾丁",
                            "nameEn": "Kenting"
                        }
                    ]
                }
            ]
        },
        {
            "startDate": "2015-03-06",
            "endDate": "2015-03-23",
            "days": 18,
            "countries": [
                {
                    "name": "中国",
                    "nameEn": "China",
                    "cities": [
                        {
                            "name": "上海",
                            "nameEn": "Shanghai"
                        }
                    ]
                },
                {
                    "name": "バングラデシュ",
                    "nameEn": "Bangladesh",
                    "cities": [
                        {
                            "name": "ダッカ",
                            "nameEn": "Dhaka"
                        },
                        {
                            "name": "シレット",
                            "nameEn": "Sylhet"
                        }
                    ]
                }
            ]
        },
        {
            "startDate": "2014-05-05",
            "endDate": "2014-05-13",
            "days": 9,
            "countries": [
                {
                    "name": "台湾",
                    "nameEn": "Taiwan",
                    "cities": [
                        {
                            "name": "台北",
                            "nameEn": "Taipei"
                        },
                        {
                            "name": "台南",
                            "nameEn": "Tainan"
                        },
                        {
                            "name": "南投",
                            "nameEn": "Nantou"
                        }
                    ]
                }
            ]
        },
        {
            "startDate": "2012-12-26",
            "endDate": "2013-01-08",
            "days": 14,
            "countries": [
                {
                    "name": "台湾",
                    "nameEn": "Taiwan",
                    "cities": [
                        {
                            "name": "台北",
                            "nameEn": "Taipei"
                        },
                        {
                            "name": "基隆",
                            "nameEn": "Keelung"
                        },
                        {
                            "name": "蘇澳",
                            "nameEn": "Su'ao"
                        },
                        {
                            "name": "花蓮",
                            "nameEn": "Hualien"
                        },
                        {
                            "name": "台東",
                            "nameEn": "Taitung"
                        },
                        {
                            "name": "台南",
                            "nameEn": "Tainan"
                        },
                        {
                            "name": "台中",
                            "nameEn": "Taichung"
                        }
                    ]
                }
            ]
        },
        {
            "startDate": "2012-08-07",
            "endDate": "2012-09-17",
            "days": 41,
            "countries": [
                {
                    "name": "インド",
                    "nameEn": "India",
                    "cities": [
                        {
                            "name": "ニューデリー",
                            "nameEn": "New Delhi"
                        },
                        {
                            "name": "アーグラ",
                            "nameEn": "Agra"
                        },
                        {
                            "name": "カジュラーホー",
                            "nameEn": "Khajuraho"
                        },
                        {
                            "name": "バラナシ",
                            "nameEn": "Varanasi"
                        },
                        {
                            "name": "ガヤー",
                            "nameEn": "Gaya"
                        },
                        {
                            "name": "コルカタ",
                            "nameEn": "Kolkata"
                        }
                    ]
                },
                {
                    "name": "バングラデシュ",
                    "nameEn": "Bangladesh",
                    "cities": [
                        {
                            "name": "ジョソール",
                            "nameEn": "Jessore"
                        },
                        {
                            "name": "クルナ",
                            "nameEn": "Khulna"
                        },
                        {
                            "name": "モレルガンジ",
                            "nameEn": "Morrelganj"
                        },
                        {
                            "name": "ダッカ",
                            "nameEn": "Dhaka"
                        }
                    ]
                }
            ]
        },
        {
            "startDate": "2012-03-22",
            "endDate": "2012-03-28",
            "days": 7,
            "countries": [
                {
                    "name": "タイ",
                    "nameEn": "Thailand",
                    "cities": [
                        {
                            "name": "バンコク",
                            "nameEn": "Bangkok"
                        },
                        {
                            "name": "アランヤプラテート",
                            "nameEn": "Aranyaprathet"
                        }
                    ]
                },
                {
                    "name": "カンボジア",
                    "nameEn": "Cambodia",
                    "cities": [
                        {
                            "name": "ポイペト",
                            "nameEn": "Poipet"
                        },
                        {
                            "name": "シェムリアップ",
                            "nameEn": "Siem Reap"
                        }
                    ]
                }
            ]
        },
        {
            "startDate": "2012-02-20",
            "endDate": "2012-03-20",
            "days": 30,
            "story": "前回のトランジットでコロンビア人と話したことから、コロンビアに行こうとしたが、安全性を危惧した親に止められ、目的地をメキシコからパナマまでに変更した。",
            "countries": [
                {
                    "name": "アメリカ",
                    "nameEn": "United States",
                    "cities": [
                        {
                            "name": "ロサンゼルス",
                            "nameEn": "Los Angeles"
                        },
                        {
                            "name": "サンディエゴ",
                            "nameEn": "San Diego"
                        }
                    ]
                },
                {
                    "name": "メキシコ",
                    "nameEn": "Mexico",
                    "cities": [
                        {
                            "name": "ティファナ",
                            "nameEn": "Tijuana"
                        },
                        {
                            "name": "グアダラハラ",
                            "nameEn": "Guadalajara"
                        },
                        {
                            "name": "グアナファト",
                            "nameEn": "Guanajuato"
                        },
                        {
                            "name": "メキシコシティ",
                            "nameEn": "Mexico City"
                        },
                        {
                            "name": "サン・クリストバル・デ・ラス・カサス",
                            "nameEn": "San Cristóbal de las Casas"
                        }
                    ]
                },
                {
                    "name": "グアテマラ",
                    "nameEn": "Guatemala",
                    "cities": [
                        {
                            "name": "ケツァルテナンゴ",
                            "nameEn": "Quetzaltenango"
                        },
                        {
                            "name": "グアテマラシティ",
                            "nameEn": "Guatemala City"
                        },
                        {
                            "name": "ホコタン",
                            "nameEn": "Jocotan"
                        }
                    ]
                },
                {
                    "name": "ホンジュラス",
                    "nameEn": "Honduras",
                    "cities": [
                        {
                            "name": "コパン・ルイナス",
                            "nameEn": "Copán Ruinas"
                        },
                        {
                            "name": "ウティラ",
                            "nameEn": "Utila"
                        }
                    ]
                }
            ]
        },
        {
            "startDate": "2011-09-27",
            "endDate": "2011-10-04",
            "days": 8,
            "story": "初めての単独海外旅行。",
            "countries": [
                {
                    "name": "タイ",
                    "nameEn": "Thailand",
                    "cities": [
                        {
                            "name": "バンコク",
                            "nameEn": "Bangkok"
                        },
                        {
                            "name": "ノーンカーイ",
                            "nameEn": "Nong Khai"
                        }
                    ]
                },
                {
                    "name": "ラオス",
                    "nameEn": "Laos",
                    "cities": [
                        {
                            "name": "ヴィエンチャン",
                            "nameEn": "Vientiane"
                        },
                        {
                            "name": "ルアンパバーン",
                            "nameEn": "Luang Prabang"
                        }
                    ]
                },
                {
                    "name": "タイ",
                    "nameEn": "Thailand",
                    "cities": [
                        {
                            "name": "バンコク",
                            "nameEn": "Bangkok"
                        }
                    ]
                }
            ]
        }
    ]
}